Date,Symbols,Close
1/3/2012 16:00,TX60,695.38
1/4/2012 16:00,TX60,696.04
1/5/2012 16:00,TX60,696.59
1/6/2012 16:00,TX60,693.72
1/9/2012 16:00,TX60,694.99
1/10/2012 16:00,TX60,699.59
1/11/2012 16:00,TX60,699.27
1/12/2012 16:00,TX60,701.26
1/13/2012 16:00,TX60,699.25
1/16/2012 16:00,TX60,699.93
1/17/2012 16:00,TX60,698.49
1/18/2012 16:00,TX60,703.72
1/19/2012 16:00,TX60,707.42
1/20/2012 16:00,TX60,708.23
1/23/2012 16:00,TX60,716.37
1/24/2012 16:00,TX60,708.09
1/25/2012 16:00,TX60,716.18
1/26/2012 16:00,TX60,710.77
1/27/2012 16:00,TX60,711.19
1/30/2012 16:00,TX60,709
1/31/2012 16:00,TX60,709.18
2/1/2012 16:00,TX60,712.57
2/2/2012 16:00,TX60,714.04
2/3/2012 16:00,TX60,716.41
2/6/2012 16:00,TX60,714.94
2/7/2012 16:00,TX60,712.39
2/8/2012 16:00,TX60,713.02
2/9/2012 16:00,TX60,710.66
2/10/2012 16:00,TX60,703.7
2/13/2012 16:00,TX60,704.32
2/14/2012 16:00,TX60,702.33
2/15/2012 16:00,TX60,702.71
2/16/2012 16:00,TX60,710.36
2/17/2012 16:00,TX60,708.37
2/21/2012 16:00,TX60,717.83
2/22/2012 16:00,TX60,722.83
2/23/2012 16:00,TX60,723.65
2/24/2012 16:00,TX60,723.36
2/27/2012 16:00,TX60,722.63
2/28/2012 16:00,TX60,725.21
2/29/2012 16:00,TX60,718.86
3/1/2012 16:00,TX60,724.34
3/2/2012 16:00,TX60,719.06
3/5/2012 16:00,TX60,712.92
3/6/2012 16:00,TX60,699.44
3/7/2012 16:00,TX60,700.75
3/8/2012 16:00,TX60,707.83
3/9/2012 16:00,TX60,709.58
3/12/2012 16:00,TX60,704.64
3/13/2012 16:00,TX60,711.76
3/14/2012 16:00,TX60,702.2
3/15/2012 16:00,TX60,707.66
3/16/2012 16:00,TX60,710.74
3/19/2012 16:00,TX60,710.51
3/20/2012 16:00,TX60,708.37
3/21/2012 16:00,TX60,708.89
3/22/2012 16:00,TX60,705.52
3/23/2012 16:00,TX60,711.19
3/26/2012 16:00,TX60,717.71
3/27/2012 16:00,TX60,714.36
3/28/2012 16:00,TX60,709.67
3/29/2012 16:00,TX60,704.92
3/30/2012 16:00,TX60,706.96
4/2/2012 16:00,TX60,714.73
4/3/2012 16:00,TX60,703.15
4/4/2012 16:00,TX60,694.97
4/5/2012 16:00,TX60,689.95
4/9/2012 16:00,TX60,685.67
4/10/2012 16:00,TX60,680.21
4/11/2012 16:00,TX60,684.93
4/12/2012 16:00,TX60,695.94
4/13/2012 16:00,TX60,685.32
4/16/2012 16:00,TX60,686.83
4/17/2012 16:00,TX60,693.16
4/18/2012 16:00,TX60,692.24
4/19/2012 16:00,TX60,694.13
4/20/2012 16:00,TX60,692.98
4/23/2012 16:00,TX60,683.66
4/24/2012 16:00,TX60,683.63
4/25/2012 16:00,TX60,690.23
4/26/2012 16:00,TX60,690.02
4/27/2012 16:00,TX60,695.93
4/30/2012 16:00,TX60,699.79
5/1/2012 16:00,TX60,701.27
5/2/2012 16:00,TX60,694.76
5/3/2012 16:00,TX60,681.79
5/4/2012 16:00,TX60,673.33
5/7/2012 16:00,TX60,673.34
5/8/2012 16:00,TX60,664.12
5/9/2012 16:00,TX60,661.79
5/10/2012 16:00,TX60,665.21
5/11/2012 16:00,TX60,663.63
5/14/2012 16:00,TX60,652.58
5/15/2012 16:00,TX60,645.06
5/16/2012 16:00,TX60,645.34
5/17/2012 16:00,TX60,644.44
5/18/2012 16:00,TX60,640.57
5/22/2012 16:00,TX60,651.32
5/23/2012 16:00,TX60,658.94
5/24/2012 16:00,TX60,658.62
5/25/2012 16:00,TX60,658.09
5/28/2012 16:00,TX60,657.08
5/29/2012 16:00,TX60,660.41
5/30/2012 16:00,TX60,650.68
5/31/2012 16:00,TX60,656.5
6/1/2012 16:00,TX60,647.18
6/4/2012 16:00,TX60,645.46
6/5/2012 16:00,TX60,654.36
6/6/2012 16:00,TX60,660.41
6/7/2012 16:00,TX60,659.63
6/8/2012 16:00,TX60,653.67
6/11/2012 16:00,TX60,648.45
6/12/2012 16:00,TX60,654.89
6/13/2012 16:00,TX60,655.68
6/14/2012 16:00,TX60,654.54
6/15/2012 16:00,TX60,658.58
6/18/2012 16:00,TX60,662.8
6/19/2012 16:00,TX60,674.67
6/20/2012 16:00,TX60,672.93
6/21/2012 16:00,TX60,652.48
6/22/2012 16:00,TX60,655.24
6/25/2012 16:00,TX60,650.3
6/26/2012 16:00,TX60,650.31
6/27/2012 16:00,TX60,654.15
6/28/2012 16:00,TX60,655.03
6/29/2012 16:00,TX60,663.62
7/3/2012 16:00,TX60,678.76
7/4/2012 16:00,TX60,682.23
7/5/2012 16:00,TX60,675.62
7/6/2012 16:00,TX60,666.45
7/9/2012 16:00,TX60,665.08
7/10/2012 16:00,TX60,658.02
7/11/2012 16:00,TX60,659.68
7/12/2012 16:00,TX60,652.98
7/13/2012 16:00,TX60,657.93
7/16/2012 16:00,TX60,658.17
7/17/2012 16:00,TX60,661.52
7/18/2012 16:00,TX60,662.03
7/19/2012 16:00,TX60,666.43
7/20/2012 16:00,TX60,663.4
7/23/2012 16:00,TX60,659.37
7/24/2012 16:00,TX60,654.91
7/25/2012 16:00,TX60,655.8
7/26/2012 16:00,TX60,664.07
7/27/2012 16:00,TX60,671.75
7/30/2012 16:00,TX60,670.68
7/31/2012 16:00,TX60,665.46
8/1/2012 16:00,TX60,663.08
8/2/2012 16:00,TX60,656.08
8/3/2012 16:00,TX60,665.53
8/7/2012 16:00,TX60,677.43
8/8/2012 16:00,TX60,671.77
8/9/2012 16:00,TX60,675.64
8/10/2012 16:00,TX60,678.67
8/13/2012 16:00,TX60,675.59
8/14/2012 16:00,TX60,677.29
8/15/2012 16:00,TX60,679.83
8/16/2012 16:00,TX60,687.44
8/17/2012 16:00,TX60,690.95
8/20/2012 16:00,TX60,690.31
8/21/2012 16:00,TX60,691.98
8/22/2012 16:00,TX60,691.88
8/23/2012 16:00,TX60,687.41
8/24/2012 16:00,TX60,689.09
8/27/2012 16:00,TX60,688.26
8/28/2012 16:00,TX60,686.3
8/29/2012 16:00,TX60,687.44
8/30/2012 16:00,TX60,681.18
8/31/2012 16:00,TX60,683.47
9/4/2012 16:00,TX60,682.79
9/5/2012 16:00,TX60,686.36
9/6/2012 16:00,TX60,694.5
9/7/2012 16:00,TX60,702.46
9/10/2012 16:00,TX60,699.79
9/11/2012 16:00,TX60,699.8
9/12/2012 16:00,TX60,700.39
9/13/2012 16:00,TX60,708.38
9/14/2012 16:00,TX60,716.07
9/17/2012 16:00,TX60,713.07
9/18/2012 16:00,TX60,711.16
9/19/2012 16:00,TX60,711.22
9/20/2012 16:00,TX60,709.17
9/21/2012 16:00,TX60,706.33
9/24/2012 16:00,TX60,703.3
9/25/2012 16:00,TX60,700.42
9/26/2012 16:00,TX60,699.58
9/27/2012 16:00,TX60,705.3
9/28/2012 16:00,TX60,702.87
10/1/2012 16:00,TX60,706.64
10/2/2012 16:00,TX60,707.8
10/3/2012 16:00,TX60,705.6
10/4/2012 16:00,TX60,711.12
10/5/2012 16:00,TX60,709.1
10/9/2012 16:00,TX60,700.88
10/10/2012 16:00,TX60,697.08
10/11/2012 16:00,TX60,698.5
10/12/2012 16:00,TX60,696.13
10/15/2012 16:00,TX60,698.5
10/16/2012 16:00,TX60,709.47
10/17/2012 16:00,TX60,712.28
10/18/2012 16:00,TX60,712.77
10/19/2012 16:00,TX60,710.53
10/22/2012 16:00,TX60,710.02
10/23/2012 16:00,TX60,698.51
10/24/2012 16:00,TX60,697.59
10/25/2012 16:00,TX60,704.14
10/26/2012 16:00,TX60,704.45
10/29/2012 16:00,TX60,705.66
10/30/2012 16:00,TX60,710.01
10/31/2012 16:00,TX60,711.58
11/1/2012 16:00,TX60,715.31
11/2/2012 16:00,TX60,708.35
11/5/2012 16:00,TX60,706.83
11/6/2012 16:00,TX60,708
11/7/2012 16:00,TX60,699.33
11/8/2012 16:00,TX60,696.72
11/9/2012 16:00,TX60,697.72
11/12/2012 16:00,TX60,697.91
11/13/2012 16:00,TX60,694.88
11/14/2012 16:00,TX60,681.9
11/15/2012 16:00,TX60,675.76
11/16/2012 16:00,TX60,679.49
11/19/2012 16:00,TX60,688.14
11/20/2012 16:00,TX60,689.62
11/21/2012 16:00,TX60,693.23
11/22/2012 16:00,TX60,696.72
11/23/2012 16:00,TX60,699.72
11/26/2012 16:00,TX60,699.43
11/27/2012 16:00,TX60,694.91
11/28/2012 16:00,TX60,697.03
11/29/2012 16:00,TX60,701.05
11/30/2012 16:00,TX60,702.59
12/3/2012 16:00,TX60,698.14
12/4/2012 16:00,TX60,696.84
12/5/2012 16:00,TX60,698.34
12/6/2012 16:00,TX60,697.3
12/7/2012 16:00,TX60,697.65
12/10/2012 16:00,TX60,701.37
12/11/2012 16:00,TX60,705.04
12/12/2012 16:00,TX60,708.17
12/13/2012 16:00,TX60,704.48
12/14/2012 16:00,TX60,704.46
12/17/2012 16:00,TX60,703.73
12/18/2012 16:00,TX60,707.52
12/19/2012 16:00,TX60,712.14
12/20/2012 16:00,TX60,711.58
12/21/2012 16:00,TX60,712.3
12/24/2012 16:00,TX60,711.05
12/27/2012 16:00,TX60,711.17
12/28/2012 16:00,TX60,706.94
12/31/2012 16:00,TX60,713.72
1/2/2013 16:00,TX60,718.62
1/3/2013 16:00,TX60,715.37
1/4/2013 16:00,TX60,719.27
1/7/2013 16:00,TX60,715.73
1/8/2013 16:00,TX60,716.3
1/9/2013 16:00,TX60,717.33
1/10/2013 16:00,TX60,722.2
1/11/2013 16:00,TX60,722.7
1/14/2013 16:00,TX60,723.12
1/15/2013 16:00,TX60,725.42
1/16/2013 16:00,TX60,723.23
1/17/2013 16:00,TX60,726.61
1/18/2013 16:00,TX60,730.27
1/21/2013 16:00,TX60,735.09
1/22/2013 16:00,TX60,736.78
1/23/2013 16:00,TX60,734.74
1/24/2013 16:00,TX60,737.36
1/25/2013 16:00,TX60,737.35
1/28/2013 16:00,TX60,738.25
1/29/2013 16:00,TX60,738.67
1/30/2013 16:00,TX60,735.13
1/31/2013 16:00,TX60,727.76
2/1/2013 16:00,TX60,732.52
2/4/2013 16:00,TX60,729.99
2/5/2013 16:00,TX60,731.3
2/6/2013 16:00,TX60,732.07
2/7/2013 16:00,TX60,731.32
2/8/2013 16:00,TX60,734.5
2/11/2013 16:00,TX60,731.79
2/12/2013 16:00,TX60,734.3
2/13/2013 16:00,TX60,733.63
2/14/2013 16:00,TX60,730.47
2/15/2013 16:00,TX60,728
2/19/2013 16:00,TX60,735.9
2/20/2013 16:00,TX60,731.15
2/21/2013 16:00,TX60,726.94
2/22/2013 16:00,TX60,730.15
2/25/2013 16:00,TX60,726.92
2/26/2013 16:00,TX60,728.34
2/27/2013 16:00,TX60,733.54
2/28/2013 16:00,TX60,738.55
3/1/2013 16:00,TX60,735.52
3/4/2013 16:00,TX60,731.75
3/5/2013 16:00,TX60,733.33
3/6/2013 16:00,TX60,738.44
3/7/2013 16:00,TX60,737.39
3/8/2013 16:00,TX60,737.89
3/11/2013 16:00,TX60,739.39
3/12/2013 16:00,TX60,740.67
3/13/2013 16:00,TX60,732.06
3/14/2013 16:00,TX60,735.93
3/15/2013 16:00,TX60,737.01
3/18/2013 16:00,TX60,733.63
3/19/2013 16:00,TX60,733.64
3/20/2013 16:00,TX60,737.56
3/21/2013 16:00,TX60,731.56
3/22/2013 16:00,TX60,732.79
3/25/2013 16:00,TX60,727.95
3/26/2013 16:00,TX60,729.85
3/27/2013 16:00,TX60,728.03
3/28/2013 16:00,TX60,731.34
4/1/2013 16:00,TX60,728.67
4/2/2013 16:00,TX60,728.96
4/3/2013 16:00,TX60,713.1
4/4/2013 16:00,TX60,708.66
4/5/2013 16:00,TX60,705.71
4/8/2013 16:00,TX60,706.38
4/9/2013 16:00,TX60,714.37
4/10/2013 16:00,TX60,718.01
4/11/2013 16:00,TX60,714.16
4/12/2013 16:00,TX60,706.02
4/15/2013 16:00,TX60,687.97
4/16/2013 16:00,TX60,694.72
4/17/2013 16:00,TX60,685.83
4/18/2013 16:00,TX60,687.76
4/19/2013 16:00,TX60,691.79
4/22/2013 16:00,TX60,692.69
4/23/2013 16:00,TX60,692
4/24/2013 16:00,TX60,702.13
4/25/2013 16:00,TX60,703.89
4/26/2013 16:00,TX60,697.28
4/29/2013 16:00,TX60,703.6
4/30/2013 16:00,TX60,710.71
5/1/2013 16:00,TX60,702.83
5/2/2013 16:00,TX60,706.78
5/3/2013 16:00,TX60,710.31
5/6/2013 16:00,TX60,711.74
5/7/2013 16:00,TX60,713.71
5/8/2013 16:00,TX60,721.33
5/9/2013 16:00,TX60,718.15
5/10/2013 16:00,TX60,721.05
5/13/2013 16:00,TX60,717.43
5/14/2013 16:00,TX60,721.19
5/15/2013 16:00,TX60,714.94
5/16/2013 16:00,TX60,716.41
5/17/2013 16:00,TX60,723.59
5/21/2013 16:00,TX60,731.31
5/22/2013 16:00,TX60,732.51
5/23/2013 16:00,TX60,726.23
5/24/2013 16:00,TX60,727.28
5/27/2013 16:00,TX60,728.17
5/28/2013 16:00,TX60,732.77
5/29/2013 16:00,TX60,732.55
5/30/2013 16:00,TX60,732.59
5/31/2013 16:00,TX60,726.27
6/3/2013 16:00,TX60,722.1
6/4/2013 16:00,TX60,721.71
6/5/2013 16:00,TX60,712.18
6/6/2013 16:00,TX60,709.61
6/7/2013 16:00,TX60,707.52
6/10/2013 16:00,TX60,708.83
6/11/2013 16:00,TX60,699.82
6/12/2013 16:00,TX60,694
6/13/2013 16:00,TX60,704.11
6/14/2013 16:00,TX60,697.73
6/17/2013 16:00,TX60,703.59
6/18/2013 16:00,TX60,709.33
6/19/2013 16:00,TX60,703.52
6/20/2013 16:00,TX60,686.88
6/21/2013 16:00,TX60,689.38
6/24/2013 16:00,TX60,681.09
6/25/2013 16:00,TX60,689.85
6/26/2013 16:00,TX60,686.91
6/27/2013 16:00,TX60,689.27
6/28/2013 16:00,TX60,695.52
7/2/2013 16:00,TX60,697.72
7/3/2013 16:00,TX60,695.75
7/4/2013 16:00,TX60,696.99
7/5/2013 16:00,TX60,694.42
7/8/2013 16:00,TX60,699.41
7/9/2013 16:00,TX60,705.87
7/10/2013 16:00,TX60,705.53
7/11/2013 16:00,TX60,716.16
7/12/2013 16:00,TX60,714.45
7/15/2013 16:00,TX60,718.78
7/16/2013 16:00,TX60,718
7/17/2013 16:00,TX60,722.14
7/18/2013 16:00,TX60,726.59
7/19/2013 16:00,TX60,729.73
7/22/2013 16:00,TX60,733.93
7/23/2013 16:00,TX60,732.13
7/24/2013 16:00,TX60,728.39
7/25/2013 16:00,TX60,728.53
7/26/2013 16:00,TX60,727.59
7/29/2013 16:00,TX60,729.2
7/30/2013 16:00,TX60,722.72
7/31/2013 16:00,TX60,714.68
8/1/2013 16:00,TX60,721.4
8/2/2013 16:00,TX60,723.01
8/6/2013 16:00,TX60,714.97
8/7/2013 16:00,TX60,710.67
8/8/2013 16:00,TX60,718.51
8/9/2013 16:00,TX60,717.53
8/12/2013 16:00,TX60,720.18
8/13/2013 16:00,TX60,723.74
8/14/2013 16:00,TX60,724.08
8/15/2013 16:00,TX60,728.29
8/16/2013 16:00,TX60,730.22
8/19/2013 16:00,TX60,722.31
8/20/2013 16:00,TX60,726.69
8/21/2013 16:00,TX60,721.45
8/22/2013 16:00,TX60,727.99
8/23/2013 16:00,TX60,732.95
8/26/2013 16:00,TX60,732.96
8/27/2013 16:00,TX60,722.99
8/28/2013 16:00,TX60,724.74
8/29/2013 16:00,TX60,731.21
8/30/2013 16:00,TX60,727.13
9/3/2013 16:00,TX60,733.8
9/4/2013 16:00,TX60,734.52
9/5/2013 16:00,TX60,740.39
9/6/2013 16:00,TX60,738.07
9/9/2013 16:00,TX60,739.98
9/10/2013 16:00,TX60,737.64
9/11/2013 16:00,TX60,737.18
9/12/2013 16:00,TX60,729.98
9/13/2013 16:00,TX60,730.95
9/16/2013 16:00,TX60,736.02
9/17/2013 16:00,TX60,737.61
9/18/2013 16:00,TX60,741.45
9/19/2013 16:00,TX60,740.92
9/20/2013 16:00,TX60,734.6
9/23/2013 16:00,TX60,735.23
9/24/2013 16:00,TX60,736.3
9/25/2013 16:00,TX60,735.51
9/26/2013 16:00,TX60,737
9/27/2013 16:00,TX60,736.52
9/30/2013 16:00,TX60,732.89
10/1/2013 16:00,TX60,736.88
10/2/2013 16:00,TX60,736.05
10/3/2013 16:00,TX60,730.19
10/4/2013 16:00,TX60,732.02
10/7/2013 16:00,TX60,733.83
10/8/2013 16:00,TX60,728.43
10/9/2013 16:00,TX60,731.2
10/10/2013 16:00,TX60,741.59
10/11/2013 16:00,TX60,741.33
10/15/2013 16:00,TX60,743.63
10/16/2013 16:00,TX60,744.82
10/17/2013 16:00,TX60,748.38
10/18/2013 16:00,TX60,754.4
10/21/2013 16:00,TX60,757.36
10/22/2013 16:00,TX60,760.16
10/23/2013 16:00,TX60,761.4
10/24/2013 16:00,TX60,765.9
10/25/2013 16:00,TX60,769.95
10/28/2013 16:00,TX60,768.27
10/29/2013 16:00,TX60,773.28
10/30/2013 16:00,TX60,774.04
10/31/2013 16:00,TX60,767.47
11/1/2013 16:00,TX60,766.99
11/4/2013 16:00,TX60,767.76
11/5/2013 16:00,TX60,768.65
11/6/2013 16:00,TX60,769.81
11/7/2013 16:00,TX60,765.45
11/8/2013 16:00,TX60,771.41
11/11/2013 16:00,TX60,769.41
11/12/2013 16:00,TX60,768.27
11/13/2013 16:00,TX60,771.35
11/14/2013 16:00,TX60,774.66
11/15/2013 16:00,TX60,777.29
11/18/2013 16:00,TX60,776.05
11/19/2013 16:00,TX60,775.15
11/20/2013 16:00,TX60,774.96
11/21/2013 16:00,TX60,777.51
11/22/2013 16:00,TX60,777.49
11/25/2013 16:00,TX60,777.31
11/26/2013 16:00,TX60,769.42
11/27/2013 16:00,TX60,770.34
11/28/2013 16:00,TX60,770.71
11/29/2013 16:00,TX60,771.86
12/2/2013 16:00,TX60,774.37
12/3/2013 16:00,TX60,767.53
12/4/2013 16:00,TX60,765.81
12/5/2013 16:00,TX60,758.95
12/6/2013 16:00,TX60,764.05
12/9/2013 16:00,TX60,766.47
12/10/2013 16:00,TX60,766.07
12/11/2013 16:00,TX60,754
12/12/2013 16:00,TX60,753.17
12/13/2013 16:00,TX60,752.92
12/16/2013 16:00,TX60,757.02
12/17/2013 16:00,TX60,756.18
12/18/2013 16:00,TX60,766.43
12/19/2013 16:00,TX60,770.21
12/20/2013 16:00,TX60,770.58
12/23/2013 16:00,TX60,773.99
12/24/2013 16:00,TX60,777.96
12/27/2013 16:00,TX60,782.71
12/30/2013 16:00,TX60,781.68
12/31/2013 16:00,TX60,783.75
1/2/2014 16:00,TX60,782.05
1/3/2014 16:00,TX60,778.75
1/6/2014 16:00,TX60,773.95
1/7/2014 16:00,TX60,780.11
1/8/2014 16:00,TX60,782.09
1/9/2014 16:00,TX60,784.01
1/10/2014 16:00,TX60,791.21
1/13/2014 16:00,TX60,787.47
1/14/2014 16:00,TX60,787.99
1/15/2014 16:00,TX60,792.52
1/16/2014 16:00,TX60,795.39
1/17/2014 16:00,TX60,798.62
1/20/2014 16:00,TX60,805.15
1/21/2014 16:00,TX60,802.16
1/22/2014 16:00,TX60,805.34
1/23/2014 16:00,TX60,801.83
1/24/2014 16:00,TX60,788.15
1/27/2014 16:00,TX60,780.7
1/28/2014 16:00,TX60,786.23
1/29/2014 16:00,TX60,783.31
1/30/2014 16:00,TX60,788.69
1/31/2014 16:00,TX60,785.53
2/3/2014 16:00,TX60,774.29
2/4/2014 16:00,TX60,773.98
2/5/2014 16:00,TX60,776.76
2/6/2014 16:00,TX60,786.09
2/7/2014 16:00,TX60,790.13
2/10/2014 16:00,TX60,791.18
2/11/2014 16:00,TX60,795.47
2/12/2014 16:00,TX60,797.47
2/13/2014 16:00,TX60,802.68
2/14/2014 16:00,TX60,805.46
2/18/2014 16:00,TX60,806.88
2/19/2014 16:00,TX60,810.71
2/20/2014 16:00,TX60,815.49
2/21/2014 16:00,TX60,815.03
2/24/2014 16:00,TX60,815.82
2/25/2014 16:00,TX60,814.23
2/26/2014 16:00,TX60,814.47
2/27/2014 16:00,TX60,815.73
2/28/2014 16:00,TX60,813.25
3/3/2014 16:00,TX60,814.29
3/4/2014 16:00,TX60,818.56
3/5/2014 16:00,TX60,819.14
3/6/2014 16:00,TX60,816.48
3/7/2014 16:00,TX60,818.55
3/10/2014 16:00,TX60,819.7
3/11/2014 16:00,TX60,818.13
3/12/2014 16:00,TX60,822.45
3/13/2014 16:00,TX60,816.3
3/14/2014 16:00,TX60,815.04
3/17/2014 16:00,TX60,816.07
3/18/2014 16:00,TX60,824.29
3/19/2014 16:00,TX60,821.92
3/20/2014 16:00,TX60,824.07
3/21/2014 16:00,TX60,822.21
3/24/2014 16:00,TX60,819.33
3/25/2014 16:00,TX60,819.85
3/26/2014 16:00,TX60,812.62
3/27/2014 16:00,TX60,811.65
3/28/2014 16:00,TX60,816.54
3/31/2014 16:00,TX60,820.51
4/1/2014 16:00,TX60,823.59
4/2/2014 16:00,TX60,826.92
4/3/2014 16:00,TX60,822.84
4/4/2014 16:00,TX60,821.15
4/7/2014 16:00,TX60,814.59
4/8/2014 16:00,TX60,820.47
4/9/2014 16:00,TX60,823.7
4/10/2014 16:00,TX60,816.03
4/11/2014 16:00,TX60,813.29
4/14/2014 16:00,TX60,814.44
4/15/2014 16:00,TX60,816.53
4/16/2014 16:00,TX60,824.41
4/17/2014 16:00,TX60,827.32
4/21/2014 16:00,TX60,826.86
4/22/2014 16:00,TX60,831.1
4/23/2014 16:00,TX60,829.28
4/24/2014 16:00,TX60,830.94
4/25/2014 16:00,TX60,829.46
4/28/2014 16:00,TX60,830.17
4/29/2014 16:00,TX60,832.67
4/30/2014 16:00,TX60,837.58
5/1/2014 16:00,TX60,837.86
5/2/2014 16:00,TX60,842.81
5/5/2014 16:00,TX60,838.3
5/6/2014 16:00,TX60,833.02
5/7/2014 16:00,TX60,835.82
5/8/2014 16:00,TX60,830.71
5/9/2014 16:00,TX60,830.65
5/12/2014 16:00,TX60,837.67
5/13/2014 16:00,TX60,839.49
5/14/2014 16:00,TX60,839.11
5/15/2014 16:00,TX60,834.03
5/16/2014 16:00,TX60,830.29
5/20/2014 16:00,TX60,832.13
5/21/2014 16:00,TX60,839.65
5/22/2014 16:00,TX60,842.49
5/23/2014 16:00,TX60,842.74
5/26/2014 16:00,TX60,842.87
5/27/2014 16:00,TX60,840
5/28/2014 16:00,TX60,836.73
5/29/2014 16:00,TX60,835.15
5/30/2014 16:00,TX60,836.6
6/2/2014 16:00,TX60,840.8
6/3/2014 16:00,TX60,843.83
6/4/2014 16:00,TX60,846.91
6/5/2014 16:00,TX60,845.74
6/6/2014 16:00,TX60,848.2
6/9/2014 16:00,TX60,850.02
6/10/2014 16:00,TX60,851.98
6/11/2014 16:00,TX60,850.37
6/12/2014 16:00,TX60,851.1
6/13/2014 16:00,TX60,856.6
6/16/2014 16:00,TX60,858.81
6/17/2014 16:00,TX60,859.71
6/18/2014 16:00,TX60,862.94
6/19/2014 16:00,TX60,862.72
6/20/2014 16:00,TX60,863.41
6/23/2014 16:00,TX60,863.72
6/24/2014 16:00,TX60,855.27
6/25/2014 16:00,TX60,856.34
6/26/2014 16:00,TX60,859.92
6/27/2014 16:00,TX60,864.23
6/30/2014 16:00,TX60,866.04
7/2/2014 16:00,TX60,869.64
7/3/2014 16:00,TX60,869.06
7/4/2014 16:00,TX60,869.81
7/7/2014 16:00,TX60,868.93
7/8/2014 16:00,TX60,868.07
7/9/2014 16:00,TX60,872.09
7/10/2014 16:00,TX60,866.82
7/11/2014 16:00,TX60,868.09
7/14/2014 16:00,TX60,871.7
7/15/2014 16:00,TX60,867.71
7/16/2014 16:00,TX60,876.26
7/17/2014 16:00,TX60,875.05
7/18/2014 16:00,TX60,879.21
7/21/2014 16:00,TX60,878.57
7/22/2014 16:00,TX60,881.88
7/23/2014 16:00,TX60,886.17
7/24/2014 16:00,TX60,886.61
7/25/2014 16:00,TX60,890.67
7/28/2014 16:00,TX60,890.53
7/29/2014 16:00,TX60,890.56
7/30/2014 16:00,TX60,896.57
7/31/2014 16:00,TX60,884.33
8/1/2014 16:00,TX60,876.34
8/5/2014 16:00,TX60,875.5
8/6/2014 16:00,TX60,874.86
8/7/2014 16:00,TX60,868.8
8/8/2014 16:00,TX60,873.12
8/11/2014 16:00,TX60,876.95
8/12/2014 16:00,TX60,877.97
8/13/2014 16:00,TX60,876.6
8/14/2014 16:00,TX60,879.7
8/15/2014 16:00,TX60,880.09
8/18/2014 16:00,TX60,881.43
8/19/2014 16:00,TX60,889.5
8/20/2014 16:00,TX60,894.78
8/21/2014 16:00,TX60,894.14
8/22/2014 16:00,TX60,892.71
8/25/2014 16:00,TX60,897.41
8/26/2014 16:00,TX60,897.61
8/27/2014 16:00,TX60,897.03
8/28/2014 16:00,TX60,894.54
8/29/2014 16:00,TX60,898.26
9/2/2014 16:00,TX60,898.67
9/3/2014 16:00,TX60,900.98
9/4/2014 16:00,TX60,896.67
9/5/2014 16:00,TX60,896.24
9/8/2014 16:00,TX60,893.99
9/9/2014 16:00,TX60,896.32
9/10/2014 16:00,TX60,892.61
9/11/2014 16:00,TX60,896.61
9/12/2014 16:00,TX60,896.82
9/15/2014 16:00,TX60,894.36
9/16/2014 16:00,TX60,897.11
9/17/2014 16:00,TX60,894.77
9/18/2014 16:00,TX60,895.26
9/19/2014 16:00,TX60,882.87
9/22/2014 16:00,TX60,876.76
9/23/2014 16:00,TX60,876.42
9/24/2014 16:00,TX60,874.34
9/25/2014 16:00,TX60,860.56
9/26/2014 16:00,TX60,869.19
9/29/2014 16:00,TX60,864.56
9/30/2014 16:00,TX60,864.24
10/1/2014 16:00,TX60,855.55
10/2/2014 16:00,TX60,853.77
10/3/2014 16:00,TX60,855.55
10/6/2014 16:00,TX60,852.54
10/7/2014 16:00,TX60,841.67
10/8/2014 16:00,TX60,847.21
10/9/2014 16:00,TX60,836.4
10/10/2014 16:00,TX60,822.93
10/14/2014 16:00,TX60,811.8
10/15/2014 16:00,TX60,801.8
10/16/2014 16:00,TX60,811.37
10/17/2014 16:00,TX60,821.99
10/20/2014 16:00,TX60,828.02
10/21/2014 16:00,TX60,839.87
10/22/2014 16:00,TX60,827.44
10/23/2014 16:00,TX60,838.4
10/24/2014 16:00,TX60,842.17
10/27/2014 16:00,TX60,839.73
10/28/2014 16:00,TX60,848.69
10/29/2014 16:00,TX60,842.3
10/30/2014 16:00,TX60,839.81
10/31/2014 16:00,TX60,849.5
11/3/2014 16:00,TX60,843.71
11/4/2014 16:00,TX60,836.94
11/5/2014 16:00,TX60,845.99
11/6/2014 16:00,TX60,846.42
11/7/2014 16:00,TX60,852.05
11/10/2014 16:00,TX60,855.11
11/11/2014 16:00,TX60,857.61
11/12/2014 16:00,TX60,863.67
11/13/2014 16:00,TX60,860.42
11/14/2014 16:00,TX60,863.07
11/17/2014 16:00,TX60,864.61
11/18/2014 16:00,TX60,870.51
11/19/2014 16:00,TX60,872.26
11/20/2014 16:00,TX60,877.39
11/21/2014 16:00,TX60,878.69
11/24/2014 16:00,TX60,874.35
11/25/2014 16:00,TX60,877.45
11/26/2014 16:00,TX60,876.69
11/27/2014 16:00,TX60,872.89
11/28/2014 16:00,TX60,863.04
12/1/2014 16:00,TX60,857.42
12/2/2014 16:00,TX60,856.87
12/3/2014 16:00,TX60,863.87
12/4/2014 16:00,TX60,847.09
12/5/2014 16:00,TX60,846.16
12/8/2014 16:00,TX60,828.11
12/9/2014 16:00,TX60,830.75
12/10/2014 16:00,TX60,810.67
12/11/2014 16:00,TX60,814
12/12/2014 16:00,TX60,802.96
12/15/2014 16:00,TX60,801.44
12/16/2014 16:00,TX60,810.99
12/17/2014 16:00,TX60,831.24
12/18/2014 16:00,TX60,838.04
12/19/2014 16:00,TX60,843.49
12/22/2014 16:00,TX60,844.46
12/23/2014 16:00,TX60,853.54
12/24/2014 16:00,TX60,853.71
12/29/2014 16:00,TX60,857.68
12/30/2014 16:00,TX60,855.84
12/31/2014 16:00,TX60,854.85
1/2/2015 16:00,TX60,861.23
1/5/2015 16:00,TX60,838.62
1/6/2015 16:00,TX60,831.13
1/7/2015 16:00,TX60,833.2
1/8/2015 16:00,TX60,845.47
1/9/2015 16:00,TX60,839.41
1/12/2015 16:00,TX60,833.74
1/13/2015 16:00,TX60,828.4
1/14/2015 16:00,TX60,821.63
1/15/2015 16:00,TX60,818.46
1/16/2015 16:00,TX60,834.29
1/19/2015 16:00,TX60,833.76
1/20/2015 16:00,TX60,834.84
1/21/2015 16:00,TX60,851.52
1/22/2015 16:00,TX60,864.46
1/23/2015 16:00,TX60,864.34
1/26/2015 16:00,TX60,865.18
1/27/2015 16:00,TX60,866.62
1/28/2015 16:00,TX60,854.81
1/29/2015 16:00,TX60,857.86
1/30/2015 16:00,TX60,857.34
2/2/2015 16:00,TX60,871.39
2/3/2015 16:00,TX60,878.97
2/4/2015 16:00,TX60,875.75
2/5/2015 16:00,TX60,883.1
2/6/2015 16:00,TX60,881.48
2/9/2015 16:00,TX60,880.77
2/10/2015 16:00,TX60,883.35
2/11/2015 16:00,TX60,886.16
2/12/2015 16:00,TX60,889.67
2/13/2015 16:00,TX60,890.22
2/17/2015 16:00,TX60,891.3
2/18/2015 16:00,TX60,886.47
2/19/2015 16:00,TX60,884.95
2/20/2015 16:00,TX60,885.06
2/23/2015 16:00,TX60,888.35
2/24/2015 16:00,TX60,886.38
2/25/2015 16:00,TX60,889.54
2/26/2015 16:00,TX60,891.41
2/27/2015 16:00,TX60,890.4
3/2/2015 16:00,TX60,892.57
3/3/2015 16:00,TX60,883.53
3/4/2015 16:00,TX60,880.39
3/5/2015 16:00,TX60,882.78
3/6/2015 16:00,TX60,874.51
3/9/2015 16:00,TX60,869.01
3/10/2015 16:00,TX60,856.39
3/11/2015 16:00,TX60,861.62
3/12/2015 16:00,TX60,863.86
3/13/2015 16:00,TX60,862.71
3/16/2015 16:00,TX60,871.7
3/17/2015 16:00,TX60,872.54
3/18/2015 16:00,TX60,874.74
3/19/2015 16:00,TX60,869.75
3/20/2015 16:00,TX60,872.81
3/23/2015 16:00,TX60,872.35
3/24/2015 16:00,TX60,880.3
3/25/2015 16:00,TX60,869.59
3/26/2015 16:00,TX60,865.38
3/27/2015 16:00,TX60,861.6
3/30/2015 16:00,TX60,869.44
3/31/2015 16:00,TX60,869.28
4/1/2015 16:00,TX60,870.76
4/2/2015 16:00,TX60,876.3
4/6/2015 16:00,TX60,877.9
4/7/2015 16:00,TX60,883.85
4/8/2015 16:00,TX60,886.77
4/9/2015 16:00,TX60,894.65
4/10/2015 16:00,TX60,898.35
4/13/2015 16:00,TX60,898.21
4/14/2015 16:00,TX60,898.07
4/15/2015 16:00,TX60,900.9
4/16/2015 16:00,TX60,896.6
4/17/2015 16:00,TX60,894.96
4/20/2015 16:00,TX60,899.33
4/21/2015 16:00,TX60,895.81
4/22/2015 16:00,TX60,894.22
4/23/2015 16:00,TX60,899.38
4/24/2015 16:00,TX60,900.22
4/27/2015 16:00,TX60,895.7
4/28/2015 16:00,TX60,895.88
4/29/2015 16:00,TX60,895.51
4/30/2015 16:00,TX60,886.56
5/1/2015 16:00,TX60,894.57
5/4/2015 16:00,TX60,895.49
5/5/2015 16:00,TX60,883.58
5/6/2015 16:00,TX60,875.06
5/7/2015 16:00,TX60,879.78
5/8/2015 16:00,TX60,884.09
5/11/2015 16:00,TX60,884.36
5/12/2015 16:00,TX60,876.65
5/13/2015 16:00,TX60,871.82
5/14/2015 16:00,TX60,874.82
5/15/2015 16:00,TX60,879.18
5/19/2015 16:00,TX60,881.16
5/20/2015 16:00,TX60,877.15
5/21/2015 16:00,TX60,886.91
5/22/2015 16:00,TX60,886.96
5/25/2015 16:00,TX60,886.11
5/26/2015 16:00,TX60,878.59
5/27/2015 16:00,TX60,882.7
5/28/2015 16:00,TX60,882.38
5/29/2015 16:00,TX60,875.04
6/1/2015 16:00,TX60,878.2
6/2/2015 16:00,TX60,879.51
6/3/2015 16:00,TX60,883.7
6/4/2015 16:00,TX60,876.16
6/5/2015 16:00,TX60,872.21
6/8/2015 16:00,TX60,858.47
6/9/2015 16:00,TX60,863.51
6/10/2015 16:00,TX60,866.62
6/11/2015 16:00,TX60,863.83
6/12/2015 16:00,TX60,857.66
6/15/2015 16:00,TX60,859.33
6/16/2015 16:00,TX60,859.13
6/17/2015 16:00,TX60,857.49
6/18/2015 16:00,TX60,859.52
6/19/2015 16:00,TX60,852.36
6/22/2015 16:00,TX60,860.85
6/23/2015 16:00,TX60,868.28
6/24/2015 16:00,TX60,870.95
6/25/2015 16:00,TX60,867.96
6/26/2015 16:00,TX60,863.45
6/29/2015 16:00,TX60,844.33
6/30/2015 16:00,TX60,847.78
7/2/2015 16:00,TX60,853.19
7/3/2015 16:00,TX60,856.61
7/6/2015 16:00,TX60,851.82
7/7/2015 16:00,TX60,854.28
7/8/2015 16:00,TX60,841.9
7/9/2015 16:00,TX60,834.13
7/10/2015 16:00,TX60,842.74
7/13/2015 16:00,TX60,850.07
7/14/2015 16:00,TX60,852.7
7/15/2015 16:00,TX60,858.58
7/16/2015 16:00,TX60,863.48
7/17/2015 16:00,TX60,858.94
7/20/2015 16:00,TX60,847.63
7/21/2015 16:00,TX60,843.52
7/22/2015 16:00,TX60,840.23
7/23/2015 16:00,TX60,839.66
7/24/2015 16:00,TX60,835.31
7/27/2015 16:00,TX60,826.62
7/28/2015 16:00,TX60,829.95
7/29/2015 16:00,TX60,842.15
7/30/2015 16:00,TX60,848.03
7/31/2015 16:00,TX60,853.4
8/4/2015 16:00,TX60,855.47
8/5/2015 16:00,TX60,857.68
8/6/2015 16:00,TX60,851.25
8/7/2015 16:00,TX60,845.83
8/10/2015 16:00,TX60,853.85
8/11/2015 16:00,TX60,850.3
8/12/2015 16:00,TX60,844.43
8/13/2015 16:00,TX60,839.42
8/14/2015 16:00,TX60,842.16
8/17/2015 16:00,TX60,840.63
8/18/2015 16:00,TX60,837.14
8/19/2015 16:00,TX60,828.34
8/20/2015 16:00,TX60,808.93
8/21/2015 16:00,TX60,794.65
8/24/2015 16:00,TX60,770.29
8/25/2015 16:00,TX60,775.54
8/26/2015 16:00,TX60,789.87
8/27/2015 16:00,TX60,813.18
8/28/2015 16:00,TX60,817.04
8/31/2015 16:00,TX60,815.45
9/1/2015 16:00,TX60,792.19
9/2/2015 16:00,TX60,797.17
9/3/2015 16:00,TX60,800.03
9/4/2015 16:00,TX60,792.56
9/8/2015 16:00,TX60,802.41
9/9/2015 16:00,TX60,797.69
9/10/2015 16:00,TX60,799.99
9/11/2015 16:00,TX60,793.2
9/14/2015 16:00,TX60,787.19
9/15/2015 16:00,TX60,793.57
9/16/2015 16:00,TX60,811.31
9/17/2015 16:00,TX60,812.13
9/18/2015 16:00,TX60,803.73
9/21/2015 16:00,TX60,811.47
9/22/2015 16:00,TX60,792.44
9/23/2015 16:00,TX60,786.03
9/24/2015 16:00,TX60,783.83
9/25/2015 16:00,TX60,786.39
9/28/2015 16:00,TX60,763.96
9/29/2015 16:00,TX60,767
9/30/2015 16:00,TX60,784.51
10/1/2015 16:00,TX60,780.41
10/2/2015 16:00,TX60,784.44
10/5/2015 16:00,TX60,794.23
10/6/2015 16:00,TX60,800.12
10/7/2015 16:00,TX60,813.55
10/8/2015 16:00,TX60,819.87
10/9/2015 16:00,TX60,818.49
10/13/2015 16:00,TX60,811.43
10/14/2015 16:00,TX60,813.85
10/15/2015 16:00,TX60,810.83
10/16/2015 16:00,TX60,813.6
10/19/2015 16:00,TX60,808.77
10/20/2015 16:00,TX60,813.35
10/21/2015 16:00,TX60,805.26
10/22/2015 16:00,TX60,815.05
10/23/2015 16:00,TX60,819.92
10/26/2015 16:00,TX60,811.87
10/27/2015 16:00,TX60,808.2
10/28/2015 16:00,TX60,818.46
10/29/2015 16:00,TX60,814.1
10/30/2015 16:00,TX60,794.49
11/2/2015 16:00,TX60,800.44
11/3/2015 16:00,TX60,804.91
11/4/2015 16:00,TX60,802.92
11/5/2015 16:00,TX60,794.97
11/6/2015 16:00,TX60,795.18
11/9/2015 16:00,TX60,790.83
11/10/2015 16:00,TX60,787.1
11/11/2015 16:00,TX60,783.43
11/12/2015 16:00,TX60,770.61
11/13/2015 16:00,TX60,766.76
11/16/2015 16:00,TX60,781.26
11/17/2015 16:00,TX60,779.4
11/18/2015 16:00,TX60,787
11/19/2015 16:00,TX60,792.68
11/20/2015 16:00,TX60,790.68
11/23/2015 16:00,TX60,786.53
11/24/2015 16:00,TX60,787.64
11/25/2015 16:00,TX60,787.12
11/26/2015 16:00,TX60,788.64
11/27/2015 16:00,TX60,784.52
11/30/2015 16:00,TX60,791.8
12/1/2015 16:00,TX60,802.96
12/2/2015 16:00,TX60,792.93
12/3/2015 16:00,TX60,784.38
12/4/2015 16:00,TX60,786.74
12/7/2015 16:00,TX60,768.54
12/8/2015 16:00,TX60,760.81
12/9/2015 16:00,TX60,762.8
12/10/2015 16:00,TX60,766.76
12/11/2015 16:00,TX60,753.11
12/14/2015 16:00,TX60,749.53
12/15/2015 16:00,TX60,763.55
12/16/2015 16:00,TX60,778.34
12/17/2015 16:00,TX60,767.25
12/18/2015 16:00,TX60,767.24
12/21/2015 16:00,TX60,767.97
12/22/2015 16:00,TX60,771.08
12/23/2015 16:00,TX60,783.07
12/24/2015 16:00,TX60,784.16
12/29/2015 16:00,TX60,779.82
12/30/2015 16:00,TX60,773.5
12/31/2015 16:00,TX60,764.54
1/4/2016 16:00,TX60,758.36
1/5/2016 16:00,TX60,758
1/6/2016 16:00,TX60,746.31
1/7/2016 16:00,TX60,730.36
1/8/2016 16:00,TX60,729.86
1/11/2016 16:00,TX60,723.44
1/12/2016 16:00,TX60,728.17
1/13/2016 16:00,TX60,715.21
1/14/2016 16:00,TX60,726.1
1/15/2016 16:00,TX60,709.12
1/18/2016 16:00,TX60,703.69
1/19/2016 16:00,TX60,706.58
1/20/2016 16:00,TX60,695.03
1/21/2016 16:00,TX60,706.83
1/22/2016 16:00,TX60,727.8
1/25/2016 16:00,TX60,713.28
1/26/2016 16:00,TX60,724.15
1/27/2016 16:00,TX60,727.4
1/28/2016 16:00,TX60,741.32
1/29/2016 16:00,TX60,754.85
2/1/2016 16:00,TX60,745.53
2/2/2016 16:00,TX60,731.7
2/3/2016 16:00,TX60,740.22
2/4/2016 16:00,TX60,752.18
2/5/2016 16:00,TX60,752.04
2/8/2016 16:00,TX60,738.81
2/9/2016 16:00,TX60,723.8
2/10/2016 16:00,TX60,716.97
2/11/2016 16:00,TX60,710.42
2/12/2016 16:00,TX60,729.46
2/16/2016 16:00,TX60,739.68
2/17/2016 16:00,TX60,757.82
2/18/2016 16:00,TX60,761.59
2/19/2016 16:00,TX60,753.54
2/22/2016 16:00,TX60,754.45
2/23/2016 16:00,TX60,750.69
2/24/2016 16:00,TX60,747.86
2/25/2016 16:00,TX60,748.98
2/26/2016 16:00,TX60,751.93
2/29/2016 16:00,TX60,755.27
3/1/2016 16:00,TX60,762.53
3/2/2016 16:00,TX60,762.9
3/3/2016 16:00,TX60,768.14
3/4/2016 16:00,TX60,772.63
3/7/2016 16:00,TX60,783.08
3/8/2016 16:00,TX60,780.82
3/9/2016 16:00,TX60,786.21
3/10/2016 16:00,TX60,784.84
3/11/2016 16:00,TX60,794.08
3/14/2016 16:00,TX60,792.41
3/15/2016 16:00,TX60,788.23
3/16/2016 16:00,TX60,791.45
3/17/2016 16:00,TX60,799.49
3/18/2016 16:00,TX60,791.35
3/21/2016 16:00,TX60,795.43
3/22/2016 16:00,TX60,790.99
3/23/2016 16:00,TX60,785.65
3/24/2016 16:00,TX60,784.45
3/28/2016 16:00,TX60,786.78
3/29/2016 16:00,TX60,787.72
3/30/2016 16:00,TX60,792.46
3/31/2016 16:00,TX60,790.93
4/1/2016 16:00,TX60,787.45
4/4/2016 16:00,TX60,781.39
4/5/2016 16:00,TX60,779.1
4/6/2016 16:00,TX60,781.45
4/7/2016 16:00,TX60,776.51
4/8/2016 16:00,TX60,784.58
4/11/2016 16:00,TX60,785
4/12/2016 16:00,TX60,795.38
4/13/2016 16:00,TX60,800.78
4/14/2016 16:00,TX60,801.45
4/15/2016 16:00,TX60,798.94
4/18/2016 16:00,TX60,803.22
4/19/2016 16:00,TX60,811.92
4/20/2016 16:00,TX60,815.29
4/21/2016 16:00,TX60,812.74
4/22/2016 16:00,TX60,812.27
4/25/2016 16:00,TX60,807.82
4/26/2016 16:00,TX60,808.17
4/27/2016 16:00,TX60,812.03
4/28/2016 16:00,TX60,811.78
4/29/2016 16:00,TX60,815.46
5/2/2016 16:00,TX60,810.21
5/3/2016 16:00,TX60,801.69
5/4/2016 16:00,TX60,796.95
5/5/2016 16:00,TX60,795.84
5/6/2016 16:00,TX60,799.03
5/9/2016 16:00,TX60,790.85
5/10/2016 16:00,TX60,804.03
5/11/2016 16:00,TX60,803.54
5/12/2016 16:00,TX60,803.35
5/13/2016 16:00,TX60,801.16
5/16/2016 16:00,TX60,809.75
5/17/2016 16:00,TX60,811.23
5/18/2016 16:00,TX60,807.61
5/19/2016 16:00,TX60,805.86
5/20/2016 16:00,TX60,812.64
5/24/2016 16:00,TX60,815.58
5/25/2016 16:00,TX60,821.33
5/26/2016 16:00,TX60,821.38
5/27/2016 16:00,TX60,824.87
5/30/2016 16:00,TX60,823.92
5/31/2016 16:00,TX60,821.06
6/1/2016 16:00,TX60,821
6/2/2016 16:00,TX60,825.94
6/3/2016 16:00,TX60,830.37
6/6/2016 16:00,TX60,832.81
6/7/2016 16:00,TX60,838.27
6/8/2016 16:00,TX60,833.54
6/9/2016 16:00,TX60,828.62
6/10/2016 16:00,TX60,816.76
6/13/2016 16:00,TX60,814.71
6/14/2016 16:00,TX60,808.05
6/15/2016 16:00,TX60,809.57
6/16/2016 16:00,TX60,807.93
6/17/2016 16:00,TX60,809.88
6/20/2016 16:00,TX60,814.92
6/21/2016 16:00,TX60,815.7
6/22/2016 16:00,TX60,815.7
6/23/2016 16:00,TX60,824.18
6/24/2016 16:00,TX60,808.55
6/27/2016 16:00,TX60,796.31
6/28/2016 16:00,TX60,805.84
6/29/2016 16:00,TX60,816.56
6/30/2016 16:00,TX60,817.65
7/4/2016 16:00,TX60,829.1
7/5/2016 16:00,TX60,826.56
7/6/2016 16:00,TX60,826.29
7/7/2016 16:00,TX60,820.76
7/8/2016 16:00,TX60,827.27
7/11/2016 16:00,TX60,834.08
7/12/2016 16:00,TX60,841.86
7/13/2016 16:00,TX60,843.1
7/14/2016 16:00,TX60,844.8
7/15/2016 16:00,TX60,843.73
7/18/2016 16:00,TX60,846.53
7/19/2016 16:00,TX60,846.03
7/20/2016 16:00,TX60,847.36
7/21/2016 16:00,TX60,848.02
7/22/2016 16:00,TX60,850.34
7/25/2016 16:00,TX60,844.49
7/26/2016 16:00,TX60,847.45
7/27/2016 16:00,TX60,846.4
7/28/2016 16:00,TX60,846.88
7/29/2016 16:00,TX60,847.4
8/2/2016 16:00,TX60,840.22
8/3/2016 16:00,TX60,843.09
8/4/2016 16:00,TX60,841.99
8/5/2016 16:00,TX60,850.09
8/8/2016 16:00,TX60,856.47
8/9/2016 16:00,TX60,860.74
8/10/2016 16:00,TX60,858.88
8/11/2016 16:00,TX60,860.59
8/12/2016 16:00,TX60,857.5
8/15/2016 16:00,TX60,859.01
8/16/2016 16:00,TX60,854.28
8/17/2016 16:00,TX60,854.36
8/18/2016 16:00,TX60,853.61
8/19/2016 16:00,TX60,853.72
8/22/2016 16:00,TX60,858.27
8/23/2016 16:00,TX60,860.07
8/24/2016 16:00,TX60,852.91
8/25/2016 16:00,TX60,852.65
8/26/2016 16:00,TX60,853.2
8/29/2016 16:00,TX60,856.3
8/30/2016 16:00,TX60,857.5
8/31/2016 16:00,TX60,851.38
9/1/2016 16:00,TX60,855.6
9/2/2016 16:00,TX60,861.56
9/6/2016 16:00,TX60,861.12
9/7/2016 16:00,TX60,860.57
9/8/2016 16:00,TX60,860.3
9/9/2016 16:00,TX60,846.51
9/12/2016 16:00,TX60,849.64
9/13/2016 16:00,TX60,834.71
9/14/2016 16:00,TX60,835.9
9/15/2016 16:00,TX60,845.4
9/16/2016 16:00,TX60,843.08
9/19/2016 16:00,TX60,844.78
9/20/2016 16:00,TX60,845.81
9/21/2016 16:00,TX60,856.01
9/22/2016 16:00,TX60,860.96
9/23/2016 16:00,TX60,856.02
9/26/2016 16:00,TX60,851.45
9/27/2016 16:00,TX60,848.54
9/28/2016 16:00,TX60,858.46
9/29/2016 16:00,TX60,860.04
9/30/2016 16:00,TX60,858.47
10/3/2016 16:00,TX60,856.31
10/4/2016 16:00,TX60,848.63
10/5/2016 16:00,TX60,853.7
10/6/2016 16:00,TX60,853
10/7/2016 16:00,TX60,851
10/11/2016 16:00,TX60,851.07
10/12/2016 16:00,TX60,854.32
10/13/2016 16:00,TX60,856.02
10/14/2016 16:00,TX60,852.14
10/17/2016 16:00,TX60,852.52
10/18/2016 16:00,TX60,861.79
10/19/2016 16:00,TX60,866.77
10/20/2016 16:00,TX60,867.12
10/21/2016 16:00,TX60,872.69
10/24/2016 16:00,TX60,872.75
10/25/2016 16:00,TX60,869.73
10/26/2016 16:00,TX60,868.35
10/27/2016 16:00,TX60,871.7
10/28/2016 16:00,TX60,868.61
10/31/2016 16:00,TX60,868.38
11/1/2016 16:00,TX60,867.29
11/2/2016 16:00,TX60,857.55
11/3/2016 16:00,TX60,856.45
11/4/2016 16:00,TX60,851.86
11/7/2016 16:00,TX60,861.32
11/8/2016 16:00,TX60,862.06
11/9/2016 16:00,TX60,868.25
11/10/2016 16:00,TX60,869.09
11/11/2016 16:00,TX60,858.9
11/14/2016 16:00,TX60,861.38
11/15/2016 16:00,TX60,870
11/16/2016 16:00,TX60,869.41
11/17/2016 16:00,TX60,875.91
11/18/2016 16:00,TX60,878.27
11/21/2016 16:00,TX60,888.35
11/22/2016 16:00,TX60,891.13
11/23/2016 16:00,TX60,890.54
11/24/2016 16:00,TX60,890.08
11/25/2016 16:00,TX60,891.18
11/28/2016 16:00,TX60,886.55
11/29/2016 16:00,TX60,885.59
11/30/2016 16:00,TX60,888.3
12/1/2016 16:00,TX60,884.28
12/2/2016 16:00,TX60,885.84
12/5/2016 16:00,TX60,887.94
12/6/2016 16:00,TX60,890.52
12/7/2016 16:00,TX60,897.88
12/8/2016 16:00,TX60,901.21
12/9/2016 16:00,TX60,902.92
12/12/2016 16:00,TX60,901.35
12/13/2016 16:00,TX60,907.71
12/14/2016 16:00,TX60,897.14
12/15/2016 16:00,TX60,900.44
12/16/2016 16:00,TX60,902.24
12/19/2016 16:00,TX60,903.45
12/20/2016 16:00,TX60,904.24
12/21/2016 16:00,TX60,903.97
12/22/2016 16:00,TX60,906.68
12/23/2016 16:00,TX60,905.69
12/28/2016 16:00,TX60,906.78
12/29/2016 16:00,TX60,908.74
12/30/2016 16:00,TX60,900.05
1/3/2017 16:00,TX60,907.58
1/4/2017 16:00,TX60,914.42
1/5/2017 16:00,TX60,917.93
1/6/2017 16:00,TX60,913.69
1/9/2017 16:00,TX60,907.9
1/10/2017 16:00,TX60,910.06
1/11/2017 16:00,TX60,915.21
1/12/2017 16:00,TX60,911.4
1/13/2017 16:00,TX60,916.37
1/16/2017 16:00,TX60,915.33
1/17/2017 16:00,TX60,912.52
1/18/2017 16:00,TX60,910.85
1/19/2017 16:00,TX60,911.75
1/20/2017 16:00,TX60,921.12
1/23/2017 16:00,TX60,916.79
1/24/2017 16:00,TX60,924.13
1/25/2017 16:00,TX60,924.85
1/26/2017 16:00,TX60,923.5
1/27/2017 16:00,TX60,920.6
1/30/2017 16:00,TX60,911.24
1/31/2017 16:00,TX60,909.19
2/1/2017 16:00,TX60,909.15
2/2/2017 16:00,TX60,908.52
2/3/2017 16:00,TX60,913.38
2/6/2017 16:00,TX60,911.1
2/7/2017 16:00,TX60,914.36
2/8/2017 16:00,TX60,917.19
2/9/2017 16:00,TX60,921.55
2/10/2017 16:00,TX60,927.38
2/13/2017 16:00,TX60,929.68
2/14/2017 16:00,TX60,931.38
2/15/2017 16:00,TX60,934.69
2/16/2017 16:00,TX60,935.33
2/17/2017 16:00,TX60,934.58
2/21/2017 16:00,TX60,939.38
2/22/2017 16:00,TX60,933.96
2/23/2017 16:00,TX60,930.08
2/24/2017 16:00,TX60,914.95
2/27/2017 16:00,TX60,912.41
2/28/2017 16:00,TX60,907.57
3/1/2017 16:00,TX60,918.67
3/2/2017 16:00,TX60,917.35
3/3/2017 16:00,TX60,921.79
3/6/2017 16:00,TX60,924.7
3/7/2017 16:00,TX60,923.78
3/8/2017 16:00,TX60,917.53
3/9/2017 16:00,TX60,918.35
3/10/2017 16:00,TX60,916.7
3/13/2017 16:00,TX60,918.32
3/14/2017 16:00,TX60,908.56
3/15/2017 16:00,TX60,914.82
3/16/2017 16:00,TX60,917.93
3/17/2017 16:00,TX60,913.74
3/20/2017 16:00,TX60,909.9
3/21/2017 16:00,TX60,902.07
3/22/2017 16:00,TX60,905.16
3/23/2017 16:00,TX60,910.28
3/24/2017 16:00,TX60,910.73
3/27/2017 16:00,TX60,914.34
3/28/2017 16:00,TX60,920.39
3/29/2017 16:00,TX60,923.24
3/30/2017 16:00,TX60,918.18
3/31/2017 16:00,TX60,915.58
4/3/2017 16:00,TX60,918.21
4/4/2017 16:00,TX60,922.92
4/5/2017 16:00,TX60,921.55
4/6/2017 16:00,TX60,925.09
4/7/2017 16:00,TX60,923.12
4/10/2017 16:00,TX60,926.53
4/11/2017 16:00,TX60,925.19
4/12/2017 16:00,TX60,920.27
4/13/2017 16:00,TX60,913.81
4/17/2017 16:00,TX60,924.03
4/18/2017 16:00,TX60,919.27
4/19/2017 16:00,TX60,915.54
4/20/2017 16:00,TX60,921.16
4/21/2017 16:00,TX60,920.26
4/24/2017 16:00,TX60,928.3
4/25/2017 16:00,TX60,930.54
4/26/2017 16:00,TX60,924.79
4/27/2017 16:00,TX60,914.34
4/28/2017 16:00,TX60,918.9
5/1/2017 16:00,TX60,917.55
5/2/2017 16:00,TX60,920.63
5/3/2017 16:00,TX60,916.77
5/4/2017 16:00,TX60,909.21
5/5/2017 16:00,TX60,920.6
5/8/2017 16:00,TX60,924.84
5/9/2017 16:00,TX60,919.65
5/10/2017 16:00,TX60,922.74
5/11/2017 16:00,TX60,917.21
5/12/2017 16:00,TX60,917.02
5/15/2017 16:00,TX60,922.56
5/16/2017 16:00,TX60,915.88
5/17/2017 16:00,TX60,898.89
5/18/2017 16:00,TX60,900.21
5/19/2017 16:00,TX60,910.58
5/23/2017 16:00,TX60,912.45
5/24/2017 16:00,TX60,908.33
5/25/2017 16:00,TX60,908.75
5/26/2017 16:00,TX60,909.27
5/29/2017 16:00,TX60,909.58
5/30/2017 16:00,TX60,907.53
5/31/2017 16:00,TX60,906.38
6/1/2017 16:00,TX60,913
6/2/2017 16:00,TX60,911.21
6/5/2017 16:00,TX60,909.08
6/6/2017 16:00,TX60,911
6/7/2017 16:00,TX60,905.22
6/8/2017 16:00,TX60,908.58
6/9/2017 16:00,TX60,912.52
6/12/2017 16:00,TX60,905.96
6/13/2017 16:00,TX60,904.86
6/14/2017 16:00,TX60,893.04
6/15/2017 16:00,TX60,893.88
6/16/2017 16:00,TX60,896.14
6/19/2017 16:00,TX60,900.27
6/20/2017 16:00,TX60,892.84
6/21/2017 16:00,TX60,892.83
6/22/2017 16:00,TX60,896.37
6/23/2017 16:00,TX60,901.46
6/26/2017 16:00,TX60,901.88
6/27/2017 16:00,TX60,900.37
6/28/2017 16:00,TX60,904.32
6/29/2017 16:00,TX60,895.85
6/30/2017 16:00,TX60,892.65
7/4/2017 16:00,TX60,890.09
7/5/2017 16:00,TX60,892.43
7/6/2017 16:00,TX60,889.04
7/7/2017 16:00,TX60,886.36
7/10/2017 16:00,TX60,890.44
7/11/2017 16:00,TX60,892.96
7/12/2017 16:00,TX60,892.18
7/13/2017 16:00,TX60,892.31
7/14/2017 16:00,TX60,894.79
7/17/2017 16:00,TX60,894.08
7/18/2017 16:00,TX60,893.04
7/19/2017 16:00,TX60,898.57
7/20/2017 16:00,TX60,900.84
7/21/2017 16:00,TX60,895.9
7/24/2017 16:00,TX60,892.07
7/25/2017 16:00,TX60,895.82
7/26/2017 16:00,TX60,892.41
7/27/2017 16:00,TX60,894.12
7/28/2017 16:00,TX60,889.43
7/31/2017 16:00,TX60,891.19
8/1/2017 16:00,TX60,894.49
8/2/2017 16:00,TX60,899.89
8/3/2017 16:00,TX60,896.47
8/4/2017 16:00,TX60,900.63
8/8/2017 16:00,TX60,900.8
8/9/2017 16:00,TX60,898.31
8/10/2017 16:00,TX60,889.51
8/11/2017 16:00,TX60,886.38
8/14/2017 16:00,TX60,892.97
8/15/2017 16:00,TX60,891.31
8/16/2017 16:00,TX60,889.1
8/17/2017 16:00,TX60,886.25
8/18/2017 16:00,TX60,881.09
8/21/2017 16:00,TX60,881.02
8/22/2017 16:00,TX60,882.74
8/23/2017 16:00,TX60,887.38
8/24/2017 16:00,TX60,887.75
8/25/2017 16:00,TX60,886.34
8/28/2017 16:00,TX60,885.38
8/29/2017 16:00,TX60,886.72
8/30/2017 16:00,TX60,888.98
8/31/2017 16:00,TX60,892.56
9/1/2017 16:00,TX60,891.24
9/5/2017 16:00,TX60,884.07
9/6/2017 16:00,TX60,882.71
9/7/2017 16:00,TX60,880.15
9/8/2017 16:00,TX60,879.31
9/11/2017 16:00,TX60,883.26
9/12/2017 16:00,TX60,889.27
9/13/2017 16:00,TX60,887.92
9/14/2017 16:00,TX60,890.39
9/15/2017 16:00,TX60,890.96
9/18/2017 16:00,TX60,895.28
9/19/2017 16:00,TX60,898.99
9/20/2017 16:00,TX60,904.89
9/21/2017 16:00,TX60,909.29
9/22/2017 16:00,TX60,908.48
9/25/2017 16:00,TX60,912.37
9/26/2017 16:00,TX60,909.98
9/27/2017 16:00,TX60,919.6
9/28/2017 16:00,TX60,919.89
9/29/2017 16:00,TX60,921.79
10/2/2017 16:00,TX60,925.59
10/3/2017 16:00,TX60,927.38
10/4/2017 16:00,TX60,927.27
10/5/2017 16:00,TX60,930.28
10/6/2017 16:00,TX60,926.97
10/10/2017 16:00,TX60,930.04
10/11/2017 16:00,TX60,931.53
10/12/2017 16:00,TX60,928.03
10/13/2017 16:00,TX60,932.36
10/16/2017 16:00,TX60,932.28
10/17/2017 16:00,TX60,933.98
10/18/2017 16:00,TX60,931.94
10/19/2017 16:00,TX60,934.93
10/20/2017 16:00,TX60,937.03
10/23/2017 16:00,TX60,937.01
10/24/2017 16:00,TX60,940.56
10/25/2017 16:00,TX60,938.04
10/26/2017 16:00,TX60,940.48
10/27/2017 16:00,TX60,943.78
10/30/2017 16:00,TX60,945.71
10/31/2017 16:00,TX60,947.17
11/1/2017 16:00,TX60,946.72
11/2/2017 16:00,TX60,946.16
11/3/2017 16:00,TX60,946.81
11/6/2017 16:00,TX60,950.15
11/7/2017 16:00,TX60,953.35
11/8/2017 16:00,TX60,951.86
11/9/2017 16:00,TX60,951.03
11/10/2017 16:00,TX60,949.22
11/13/2017 16:00,TX60,949.28
11/14/2017 16:00,TX60,943.28
11/15/2017 16:00,TX60,941.71
11/16/2017 16:00,TX60,944.77
11/17/2017 16:00,TX60,947.86
11/20/2017 16:00,TX60,948.84
11/21/2017 16:00,TX60,952.98
11/22/2017 16:00,TX60,952.14
11/23/2017 16:00,TX60,951.94
11/24/2017 16:00,TX60,954.14
11/27/2017 16:00,TX60,950.63
11/28/2017 16:00,TX60,950.21
11/29/2017 16:00,TX60,947.14
11/30/2017 16:00,TX60,952.05
12/1/2017 16:00,TX60,951.76
12/4/2017 16:00,TX60,948.01
12/5/2017 16:00,TX60,945.32
12/6/2017 16:00,TX60,946.55
12/7/2017 16:00,TX60,954.24
12/8/2017 16:00,TX60,958.44
12/11/2017 16:00,TX60,958.24
12/12/2017 16:00,TX60,959.2
12/13/2017 16:00,TX60,959.73
12/14/2017 16:00,TX60,951.45
12/15/2017 16:00,TX60,953.69
12/18/2017 16:00,TX60,958.65
12/19/2017 16:00,TX60,958.2
12/20/2017 16:00,TX60,958.87
12/21/2017 16:00,TX60,960.53
12/22/2017 16:00,TX60,958.79
12/27/2017 16:00,TX60,959.92
12/28/2017 16:00,TX60,960.61
12/29/2017 16:00,TX60,959.7
1/2/2018 16:00,TX60,965.28
1/3/2018 16:00,TX60,970.17
1/4/2018 16:00,TX60,974.34
1/5/2018 16:00,TX60,970.65
1/8/2018 16:00,TX60,968.16
1/9/2018 16:00,TX60,968.79
1/10/2018 16:00,TX60,963.7
1/11/2018 16:00,TX60,966.66
1/12/2018 16:00,TX60,967.37
1/15/2018 16:00,TX60,969.96
1/16/2018 16:00,TX60,966.22
1/17/2018 16:00,TX60,967.63
1/18/2018 16:00,TX60,966.08
1/19/2018 16:00,TX60,969.6
1/22/2018 16:00,TX60,968.64
1/23/2018 16:00,TX60,968.24
1/24/2018 16:00,TX60,962.81
1/25/2018 16:00,TX60,958.04
1/26/2018 16:00,TX60,959.77
1/29/2018 16:00,TX60,952.05
1/30/2018 16:00,TX60,945.33
1/31/2018 16:00,TX60,944.41
2/1/2018 16:00,TX60,939.2
2/2/2018 16:00,TX60,924.84
2/5/2018 16:00,TX60,906.7
2/6/2018 16:00,TX60,908.72
2/7/2018 16:00,TX60,906.87
2/8/2018 16:00,TX60,890.13
2/9/2018 16:00,TX60,889.2
2/12/2018 16:00,TX60,900.68
2/13/2018 16:00,TX60,899.64
2/14/2018 16:00,TX60,905.13
2/15/2018 16:00,TX60,909.86
2/16/2018 16:00,TX60,913.02
2/20/2018 16:00,TX60,911.85
2/21/2018 16:00,TX60,918.59
2/22/2018 16:00,TX60,917.93
2/23/2018 16:00,TX60,926.42
2/26/2018 16:00,TX60,930.98
2/27/2018 16:00,TX60,929.09
2/28/2018 16:00,TX60,913.9
3/1/2018 16:00,TX60,910.96
3/2/2018 16:00,TX60,909.67
3/5/2018 16:00,TX60,919.77
3/6/2018 16:00,TX60,919.37
3/7/2018 16:00,TX60,915.69
3/8/2018 16:00,TX60,919.12
3/9/2018 16:00,TX60,921.64
3/12/2018 16:00,TX60,923.47
3/13/2018 16:00,TX60,926.65
3/14/2018 16:00,TX60,927.55
3/15/2018 16:00,TX60,929
3/16/2018 16:00,TX60,931.38
3/19/2018 16:00,TX60,922.97
3/20/2018 16:00,TX60,923.47
3/21/2018 16:00,TX60,926.29
3/22/2018 16:00,TX60,908.96
3/23/2018 16:00,TX60,897.35
3/26/2018 16:00,TX60,903.1
3/27/2018 16:00,TX60,899.25
3/28/2018 16:00,TX60,897.17
3/29/2018 16:00,TX60,908.99
4/2/2018 16:00,TX60,899.06
4/3/2018 16:00,TX60,897.1
4/4/2018 16:00,TX60,896.39
4/5/2018 16:00,TX60,907.82
4/6/2018 16:00,TX60,898.46
4/9/2018 16:00,TX60,900.37
4/10/2018 16:00,TX60,900.89
4/11/2018 16:00,TX60,899.57
4/12/2018 16:00,TX60,900.23
4/13/2018 16:00,TX60,899.99
4/16/2018 16:00,TX60,901.87
4/17/2018 16:00,TX60,904.19
4/18/2018 16:00,TX60,914.67
4/19/2018 16:00,TX60,909.47
4/20/2018 16:00,TX60,911.68
4/23/2018 16:00,TX60,916.49
4/24/2018 16:00,TX60,911.51
4/25/2018 16:00,TX60,915.07
4/26/2018 16:00,TX60,923.48
4/27/2018 16:00,TX60,925.87
4/30/2018 16:00,TX60,921.43
5/1/2018 16:00,TX60,922.58
5/2/2018 16:00,TX60,922.76
5/3/2018 16:00,TX60,922.48
5/4/2018 16:00,TX60,929.73
5/7/2018 16:00,TX60,934.84
5/8/2018 16:00,TX60,937.48
5/9/2018 16:00,TX60,942.22
5/10/2018 16:00,TX60,944.7
5/11/2018 16:00,TX60,947.69
5/14/2018 16:00,TX60,954.67
5/15/2018 16:00,TX60,955.55
5/16/2018 16:00,TX60,956.42
5/17/2018 16:00,TX60,957.94
5/18/2018 16:00,TX60,957.85
5/22/2018 16:00,TX60,956.67
5/23/2018 16:00,TX60,955.62
5/24/2018 16:00,TX60,954.06
5/25/2018 16:00,TX60,952.05
5/28/2018 16:00,TX60,948.45
5/29/2018 16:00,TX60,941.8
5/30/2018 16:00,TX60,949.07
5/31/2018 16:00,TX60,950.45
6/1/2018 16:00,TX60,948.6
6/4/2018 16:00,TX60,948.89
6/5/2018 16:00,TX60,952.13
6/6/2018 16:00,TX60,955.86
6/7/2018 16:00,TX60,956.31
6/8/2018 16:00,TX60,957.39
6/11/2018 16:00,TX60,962.25
6/12/2018 16:00,TX60,962.57
6/13/2018 16:00,TX60,962.13
6/14/2018 16:00,TX60,965.82
6/15/2018 16:00,TX60,964.45
6/18/2018 16:00,TX60,967.96
6/19/2018 16:00,TX60,963.39
6/20/2018 16:00,TX60,970.62
6/21/2018 16:00,TX60,965.71
6/22/2018 16:00,TX60,973.88
6/25/2018 16:00,TX60,957.71
6/26/2018 16:00,TX60,964.76
6/27/2018 16:00,TX60,962.17
6/28/2018 16:00,TX60,958.85
6/29/2018 16:00,TX60,965.32
7/3/2018 16:00,TX60,962.5
7/4/2018 16:00,TX60,964.53
7/5/2018 16:00,TX60,962.48
7/6/2018 16:00,TX60,969.63
7/9/2018 16:00,TX60,974.58
7/10/2018 16:00,TX60,981.25
7/11/2018 16:00,TX60,973.65
7/12/2018 16:00,TX60,983.44
7/13/2018 16:00,TX60,983.33
7/16/2018 16:00,TX60,979.68
7/17/2018 16:00,TX60,980.48
7/18/2018 16:00,TX60,977.6
7/19/2018 16:00,TX60,982.78
7/20/2018 16:00,TX60,976.45
7/23/2018 16:00,TX60,975.41
7/24/2018 16:00,TX60,974.47
7/25/2018 16:00,TX60,975.71
7/26/2018 16:00,TX60,977.84
7/27/2018 16:00,TX60,974.92
7/30/2018 16:00,TX60,973.6
7/31/2018 16:00,TX60,979.38
8/1/2018 16:00,TX60,974.63
8/2/2018 16:00,TX60,976.42
8/3/2018 16:00,TX60,976.49
8/7/2018 16:00,TX60,969.05
8/8/2018 16:00,TX60,971.11
8/9/2018 16:00,TX60,978.28
8/10/2018 16:00,TX60,971.63
8/13/2018 16:00,TX60,968.61
8/14/2018 16:00,TX60,974.75
8/15/2018 16:00,TX60,962.23
8/16/2018 16:00,TX60,967.71
8/17/2018 16:00,TX60,973.98
8/20/2018 16:00,TX60,972.96
8/21/2018 16:00,TX60,969.14
8/22/2018 16:00,TX60,971.79
8/23/2018 16:00,TX60,971.34
8/24/2018 16:00,TX60,971.53
8/27/2018 16:00,TX60,976.18
8/28/2018 16:00,TX60,971.34
8/29/2018 16:00,TX60,973.23
8/30/2018 16:00,TX60,973.51
8/31/2018 16:00,TX60,965.73
9/4/2018 16:00,TX60,960.07
9/5/2018 16:00,TX60,960.69
9/6/2018 16:00,TX60,958.53
9/7/2018 16:00,TX60,956.49
9/10/2018 16:00,TX60,953.82
9/11/2018 16:00,TX60,954.75
9/12/2018 16:00,TX60,949.88
9/13/2018 16:00,TX60,948.52
9/14/2018 16:00,TX60,948.84
9/17/2018 16:00,TX60,953.38
9/18/2018 16:00,TX60,960.14
9/19/2018 16:00,TX60,957.42
9/20/2018 16:00,TX60,960.95
9/21/2018 16:00,TX60,962.34
9/24/2018 16:00,TX60,960.01
9/25/2018 16:00,TX60,956.61
9/26/2018 16:00,TX60,958.91
9/27/2018 16:00,TX60,962.73
9/28/2018 16:00,TX60,952.28
10/1/2018 16:00,TX60,954.9
10/2/2018 16:00,TX60,950.04
10/3/2018 16:00,TX60,952.75
10/4/2018 16:00,TX60,951.02
10/5/2018 16:00,TX60,947.21
10/9/2018 16:00,TX60,941.62
10/10/2018 16:00,TX60,920.53
10/11/2018 16:00,TX60,906.8
10/12/2018 16:00,TX60,911.24
10/15/2018 16:00,TX60,909.61
10/16/2018 16:00,TX60,920.38
10/17/2018 16:00,TX60,919.31
10/18/2018 16:00,TX60,911.88
10/19/2018 16:00,TX60,917.64
10/22/2018 16:00,TX60,914.89
10/23/2018 16:00,TX60,907.62
10/24/2018 16:00,TX60,885.69
10/25/2018 16:00,TX60,885.95
10/26/2018 16:00,TX60,883.76
10/29/2018 16:00,TX60,876.61
10/30/2018 16:00,TX60,888.89
10/31/2018 16:00,TX60,895.08
11/1/2018 16:00,TX60,901.32
11/2/2018 16:00,TX60,900.7
11/5/2018 16:00,TX60,905.57
11/6/2018 16:00,TX60,910.26
11/7/2018 16:00,TX60,914.51
11/8/2018 16:00,TX60,916.33
11/9/2018 16:00,TX60,912.79
11/12/2018 16:00,TX60,906.47
11/13/2018 16:00,TX60,906.54
11/14/2018 16:00,TX60,906.98
11/15/2018 16:00,TX60,907.59
11/16/2018 16:00,TX60,907.57
11/19/2018 16:00,TX60,904.35
11/20/2018 16:00,TX60,891.96
11/21/2018 16:00,TX60,905.81
11/22/2018 16:00,TX60,904.77
11/23/2018 16:00,TX60,899.8
11/26/2018 16:00,TX60,901.69
11/27/2018 16:00,TX60,898.81
11/28/2018 16:00,TX60,912.16
11/29/2018 16:00,TX60,914.36
11/30/2018 16:00,TX60,913.29
12/3/2018 16:00,TX60,917.81
12/4/2018 16:00,TX60,906.22
12/5/2018 16:00,TX60,916.25
12/6/2018 16:00,TX60,897.76
12/7/2018 16:00,TX60,888.02
12/10/2018 16:00,TX60,885.25
12/11/2018 16:00,TX60,880.26
12/12/2018 16:00,TX60,887.89
12/13/2018 16:00,TX60,886.44
12/14/2018 16:00,TX60,878.92
12/17/2018 16:00,TX60,866.04
12/18/2018 16:00,TX60,868.09
12/19/2018 16:00,TX60,859.25
12/20/2018 16:00,TX60,851.22
12/21/2018 16:00,TX60,838.45
12/24/2018 14:30,TX60,828.1
12/27/2018 16:00,TX60,852.72
12/28/2018 16:00,TX60,854.87
12/31/2018 16:00,TX60,859.32
1/2/2019 16:00,TX60,859.8
1/3/2019 16:00,TX60,851.45
1/4/2019 16:00,TX60,864.44
1/7/2019 16:00,TX60,868.55
1/8/2019 16:00,TX60,874.42
1/9/2019 16:00,TX60,885.91
1/10/2019 16:00,TX60,891.72
1/11/2019 16:00,TX60,893.39
1/14/2019 16:00,TX60,895.14
1/15/2019 16:00,TX60,900.21
1/16/2019 16:00,TX60,903.91
1/17/2019 16:00,TX60,911.39
1/18/2019 16:00,TX60,917.93
1/21/2019 16:00,TX60,921.65
1/22/2019 16:00,TX60,914.16
1/23/2019 16:00,TX60,912.36
1/24/2019 16:00,TX60,916.29
1/25/2019 16:00,TX60,919.8
1/28/2019 16:00,TX60,920.27
1/29/2019 16:00,TX60,926.77
1/30/2019 16:00,TX60,926.77
1/31/2019 16:00,TX60,929.25
2/1/2019 16:00,TX60,926.22
2/4/2019 16:00,TX60,932.02
2/5/2019 16:00,TX60,937.82
2/6/2019 16:00,TX60,938.07
2/7/2019 16:00,TX60,937.61
2/8/2019 16:00,TX60,932.98
2/11/2019 16:00,TX60,929.15
2/12/2019 16:00,TX60,933.15
2/13/2019 16:00,TX60,931.61
2/14/2019 16:00,TX60,936.04
2/15/2019 16:00,TX60,944.88
2/19/2019 16:00,TX60,950.34
2/20/2019 16:00,TX60,957.06
2/21/2019 16:00,TX60,955.18
2/22/2019 16:00,TX60,954.93
2/25/2019 16:00,TX60,957.49
2/26/2019 16:00,TX60,957.44
2/27/2019 16:00,TX60,959.33
2/28/2019 16:00,TX60,953.91
3/1/2019 16:00,TX60,958.23
3/4/2019 16:00,TX60,956.3
3/5/2019 16:00,TX60,959.09
3/6/2019 16:00,TX60,960.51
3/7/2019 16:00,TX60,958.69
3/8/2019 16:00,TX60,954.25
3/11/2019 16:00,TX60,960.45
3/12/2019 16:00,TX60,962.13
3/13/2019 16:00,TX60,962.71
3/14/2019 16:00,TX60,959.68
3/15/2019 16:00,TX60,963.37
3/18/2019 16:00,TX60,970.27
3/19/2019 16:00,TX60,965.74
3/20/2019 16:00,TX60,963.27
3/21/2019 16:00,TX60,967.26
3/22/2019 16:00,TX60,958.21
3/25/2019 16:00,TX60,956.26
3/26/2019 16:00,TX60,961.89
3/27/2019 16:00,TX60,960.9
3/28/2019 16:00,TX60,963.84
3/29/2019 16:00,TX60,959.5
4/1/2019 16:00,TX60,967.69
4/2/2019 16:00,TX60,970.43
4/3/2019 16:00,TX60,971.66
4/4/2019 16:00,TX60,973.45
4/5/2019 16:00,TX60,978.21
4/8/2019 16:00,TX60,978.82
4/9/2019 16:00,TX60,974.43
4/10/2019 16:00,TX60,977.48
4/11/2019 16:00,TX60,979.13
4/12/2019 16:00,TX60,984.66
4/15/2019 16:00,TX60,987.92
4/16/2019 16:00,TX60,988.51
4/17/2019 16:00,TX60,990.61
4/18/2019 16:00,TX60,995.29
4/22/2019 16:00,TX60,993.16
4/23/2019 16:00,TX60,999.97
4/24/2019 16:00,TX60,993.71
4/25/2019 16:00,TX60,993.71
4/26/2019 16:00,TX60,995.88
4/29/2019 16:00,TX60,995.73
4/30/2019 16:00,TX60,994.53
5/1/2019 16:00,TX60,990.49
5/2/2019 16:00,TX60,986.02
5/3/2019 16:00,TX60,991.58
5/6/2019 16:00,TX60,991.44
5/7/2019 16:00,TX60,983.3
5/8/2019 16:00,TX60,985.67
5/9/2019 16:00,TX60,979.94
5/10/2019 16:00,TX60,978.05
5/13/2019 16:00,TX60,969.92
5/14/2019 16:00,TX60,974.85
5/15/2019 16:00,TX60,977.28
5/16/2019 16:00,TX60,985.52
5/17/2019 16:00,TX60,982.76
5/21/2019 16:00,TX60,984.35
5/22/2019 16:00,TX60,978.7
5/23/2019 16:00,TX60,969.43
5/24/2019 16:00,TX60,973.6
5/27/2019 16:00,TX60,980.6
5/28/2019 16:00,TX60,978.08
5/29/2019 16:00,TX60,968.29
5/30/2019 16:00,TX60,965.62
5/31/2019 16:00,TX60,961.89
6/3/2019 16:00,TX60,959.59
6/4/2019 16:00,TX60,968.48
6/5/2019 16:00,TX60,972.5
6/6/2019 16:00,TX60,973.09
6/7/2019 16:00,TX60,973.47
6/10/2019 16:00,TX60,972.46
6/11/2019 16:00,TX60,974.13
6/12/2019 16:00,TX60,972.9
6/13/2019 16:00,TX60,972.55
6/14/2019 16:00,TX60,976.82
6/17/2019 16:00,TX60,979.17
6/18/2019 16:00,TX60,988.16
6/19/2019 16:00,TX60,988.79
6/20/2019 16:00,TX60,992.05
6/21/2019 16:00,TX60,988.75
6/24/2019 16:00,TX60,988.24
6/25/2019 16:00,TX60,978.66
6/26/2019 16:00,TX60,974.89
6/27/2019 16:00,TX60,975.06
6/28/2019 16:00,TX60,979.6
7/2/2019 16:00,TX60,985.45
7/3/2019 16:00,TX60,992.46
7/4/2019 16:00,TX60,992.84
7/5/2019 16:00,TX60,989.73
7/8/2019 16:00,TX60,985.05
7/9/2019 16:00,TX60,991.27
7/10/2019 16:00,TX60,990.76
7/11/2019 16:00,TX60,989.48
7/12/2019 16:00,TX60,986.02
7/15/2019 16:00,TX60,986.66
7/16/2019 16:00,TX60,986.62
7/17/2019 16:00,TX60,984.45
7/18/2019 16:00,TX60,985.07
7/19/2019 16:00,TX60,984.15
7/22/2019 16:00,TX60,986.83
7/23/2019 16:00,TX60,990.28
7/24/2019 16:00,TX60,992.12
7/25/2019 16:00,TX60,984.85
7/26/2019 16:00,TX60,987.67
7/29/2019 16:00,TX60,984.88
7/30/2019 16:00,TX60,982.35
7/31/2019 16:00,TX60,979.73
8/1/2019 16:00,TX60,976.79
8/2/2019 16:00,TX60,969.49
8/6/2019 16:00,TX60,961.31
8/7/2019 16:00,TX60,969.46
8/8/2019 16:00,TX60,977.76
8/9/2019 16:00,TX60,974.34
8/12/2019 16:00,TX60,968.61
8/13/2019 16:00,TX60,976.59
8/14/2019 16:00,TX60,957.56
8/15/2019 16:00,TX60,955.84
8/16/2019 16:00,TX60,965.02
8/19/2019 16:00,TX60,974.3
8/20/2019 16:00,TX60,967.18
8/21/2019 16:00,TX60,973.95
8/22/2019 16:00,TX60,971.09
8/23/2019 16:00,TX60,956.68
8/26/2019 16:00,TX60,961.86
8/27/2019 16:00,TX60,966.07
8/28/2019 16:00,TX60,970.82
8/29/2019 16:00,TX60,979.2
8/30/2019 16:00,TX60,982.45
9/3/2019 16:00,TX60,979.11
9/4/2019 16:00,TX60,981.23
9/5/2019 16:00,TX60,990.35
9/6/2019 16:00,TX60,987.99
9/9/2019 16:00,TX60,985.16
9/10/2019 16:00,TX60,988.09
9/11/2019 16:00,TX60,992.96
9/12/2019 16:00,TX60,996.14
9/13/2019 16:00,TX60,998.54
9/16/2019 16:00,TX60,1001.88
9/17/2019 16:00,TX60,1006.85
9/18/2019 16:00,TX60,1005.77
9/19/2019 16:00,TX60,1009.36
9/20/2019 16:00,TX60,1011.25
9/23/2019 16:00,TX60,1008.12
9/24/2019 16:00,TX60,1003.77
9/25/2019 16:00,TX60,1003.58
9/26/2019 16:00,TX60,1004.1
9/27/2019 16:00,TX60,999.15
9/30/2019 16:00,TX60,997.93
10/1/2019 16:00,TX60,985.03
10/2/2019 16:00,TX60,975.34
10/3/2019 16:00,TX60,978.16
10/4/2019 16:00,TX60,983.06
10/7/2019 16:00,TX60,981.29
10/8/2019 16:00,TX60,972.82
10/9/2019 16:00,TX60,979.34
10/10/2019 16:00,TX60,982.49
10/11/2019 16:00,TX60,982.65
10/15/2019 16:00,TX60,983.45
10/16/2019 16:00,TX60,983.98
10/17/2019 16:00,TX60,982.75
10/18/2019 16:00,TX60,980.04
10/21/2019 16:00,TX60,982.93
10/22/2019 16:00,TX60,981.11
10/23/2019 16:00,TX60,976.96
10/24/2019 16:00,TX60,979.32
10/25/2019 16:00,TX60,981.54
10/28/2019 16:00,TX60,981.39
10/29/2019 16:00,TX60,983.07
10/30/2019 16:00,TX60,989.12
10/31/2019 16:00,TX60,986.33
11/1/2019 16:00,TX60,992.95
11/4/2019 16:00,TX60,997.56
11/5/2019 16:00,TX60,998.31
11/6/2019 16:00,TX60,1001.56
11/7/2019 16:00,TX60,1005.61
11/8/2019 16:00,TX60,1010.54
11/11/2019 16:00,TX60,1011.04
11/12/2019 16:00,TX60,1012.97
11/13/2019 16:00,TX60,1016.03
11/14/2019 16:00,TX60,1015.68
11/15/2019 16:00,TX60,1019.86
11/18/2019 16:00,TX60,1019.47
11/19/2019 16:00,TX60,1019.05
11/20/2019 16:00,TX60,1017.79
11/21/2019 16:00,TX60,1017.57
11/22/2019 16:00,TX60,1014.48
11/25/2019 16:00,TX60,1019.3
11/26/2019 16:00,TX60,1019.15
11/27/2019 16:00,TX60,1022.95
11/28/2019 16:00,TX60,1023.67
11/29/2019 16:00,TX60,1018.62
12/2/2019 16:00,TX60,1015.14
12/3/2019 16:00,TX60,1008.96
12/4/2019 16:00,TX60,1009
12/5/2019 16:00,TX60,1004.87
12/6/2019 16:00,TX60,1015.09
12/9/2019 16:00,TX60,1011.42
12/10/2019 16:00,TX60,1011.4
12/11/2019 16:00,TX60,1011.37
12/12/2019 16:00,TX60,1012.93
12/13/2019 16:00,TX60,1015.49
12/16/2019 16:00,TX60,1017.96
12/17/2019 16:00,TX60,1018.78
12/18/2019 16:00,TX60,1015.58
12/19/2019 16:00,TX60,1017.27
12/20/2019 16:00,TX60,1021.01
12/23/2019 16:00,TX60,1020.33
12/24/2019 13:30,TX60,1022.77
12/27/2019 16:00,TX60,1022.01
12/30/2019 16:00,TX60,1017.07
12/31/2019 16:00,TX60,1014.92
,,
,,
,,
,,
,,
,,
,,
,,
,,
